{"cameraMode":{"drawMode":0,"name":"Shaded","section":"Shading Mode"},"sceneLighting":false,"audioPlay":false,"sceneViewState":{"showFog":true,"showMaterialUpdate":false,"showSkybox":false,"showFlares":true,"showImageEffects":true,"showParticleSystems":true},"in2DMode":false,"pivot":{"x":-0.07159233093261719,"y":0.6041259765625,"z":-0.167236328125},"rotation":{"x":-0.3638274073600769,"y":-0.049108728766441348,"z":0.019544530659914018,"w":-0.9300776720046997},"size":0.26850229501724245,"orthographic":true}