{"cameraMode":{"drawMode":0,"name":"Shaded","section":"Shading Mode"},"sceneLighting":false,"audioPlay":false,"sceneViewState":{"showFog":true,"showMaterialUpdate":false,"showSkybox":false,"showFlares":true,"showImageEffects":true,"showParticleSystems":true},"in2DMode":false,"pivot":{"x":-12.673786163330079,"y":1.6336596012115479,"z":-3.639155864715576},"rotation":{"x":0.2089436799287796,"y":-0.685828447341919,"z":0.2162126749753952,"w":0.6627625226974487},"size":0.19922377169132234,"orthographic":true}