{"cameraMode":{"drawMode":0,"name":"Shaded","section":"Shading Mode"},"sceneLighting":false,"audioPlay":false,"sceneViewState":{"showFog":true,"showMaterialUpdate":false,"showSkybox":false,"showFlares":true,"showImageEffects":true,"showParticleSystems":true},"in2DMode":false,"pivot":{"x":0.0762939453125,"y":1.24224853515625,"z":-0.13702392578125},"rotation":{"x":0.13798682391643525,"y":-0.8585482239723206,"z":0.305049866437912,"w":0.3883536756038666},"size":0.1768871396780014,"orthographic":true}